time,speed,temperature,chargeLevel,label,split
0,55.993428306022466,22.18215056895396,94.88600985754097,Normal,Train
1,57.69500377273358,22.535657465523517,94.76946735188187,Normal,Train
2,57.32870753947438,22.710751616354667,94.65347429057266,Normal,Train
3,62.34835288612696,23.002871317905985,94.52995176124347,Normal,Train
4,59.6371884596287,23.261845996601657,94.41049597855402,Normal,Train
5,61.02659119220222,23.423818706430932,94.28895609176573,Normal,Train
6,63.80351646808178,23.450107714777715,94.1632508170636,Normal,Train
7,61.22261203471792,23.60235767311602,94.04141689901152,Normal,Train
8,63.98416738089527,23.85131756151622,93.91544064794019,Normal,Train
9,65.51355001358573,23.931979346184175,93.7871703229198,Normal,Train
10,71.56093951864588,24.152137087066045,93.64982891364184,Normal,Train
11,70.04293768668583,24.246204001999835,93.5147645071118,Normal,Train
12,70.07350569490153,24.493568714894977,93.37965424856945,Normal,Train
13,70.08881766968618,24.766475103713866,93.24452102206492,Normal,Train
14,72.3902395473933,24.97960566673556,93.10593566274383,Normal,Train
15,73.55907334436743,25.410371819224796,92.96559705272728,Normal,Train
16,75.87484599820786,25.556521200046035,92.82178478372997,Normal,Train
17,78.65284566485278,25.695495710075733,92.67380551523269,Normal,Train
18,78.49619070901107,25.75948338232899,92.52606122916917,Normal,Train
19,76.45587848107243,26.03172714707034,92.38137741144756,Normal,Train
20,81.58439634147412,26.31828245379622,92.22900081693535,Normal,Train
21,80.8312126342036,26.553808198641818,92.07775399798405,Normal,Train
22,79.01881678072908,26.74017440374033,91.92922577281296,Normal,Train
23,81.92477915935324,27.113662655804998,91.77633860407393,Normal,Train
24,84.35894146967186,27.212160284789356,91.61980019186942,Normal,Train
25,85.09965240706596,27.450652199033296,91.46215071325882,Normal,Train
26,83.83030395290493,27.783423282956417,91.30640525732946,Normal,Train
27,87.93052228596507,28.161174429737088,91.14450947390051,Normal,Train
28,84.82508042973241,28.402496275937082,90.98727185325592,Normal,Train
29,87.75063566981898,28.781568028389938,90.8256458997512,Normal,Train
30,86.66301953316234,29.039196426976066,90.66565137045146,Normal,Train
31,85.8897700327218,29.19203317397462,90.50681671540238,Normal,Train
32,90.15560675491126,29.614433667777995,90.34158330527,Normal,Train
33,88.76100826097863,29.99499275180951,90.17844179287854,Normal,Train
34,89.94853313533135,30.21332067131542,90.01351899317555,Normal,Train
35,90.21353176061292,30.6500184064389,89.84819869553463,Normal,Train
36,89.62939010848913,31.085585563774256,89.6837546103719,Normal,Train
37,84.6163393506379,31.427590659683915,89.52683010134595,Normal,Train
38,90.12894917562174,31.67543088411327,89.36163667758252,Normal,Train
39,90.18148176111983,31.753607455280644,89.19636445494085,Normal,Train
40,89.54573233077765,32.06371434576842,89.03204585644468,Normal,Train
41,92.87201143565412,32.29668450658277,88.8627378392912,Normal,Train
42,88.17452487114629,32.513932901246996,88.70047605198448,Normal,Train
43,91.4419460455687,32.82479909176747,88.53331313291613,Normal,Train
44,88.31588069228258,33.141932221134724,88.37083931187772,Normal,Train
45,89.27882217943292,33.506704868931486,88.20692107860857,Normal,Train
46,87.33529867758098,33.73358538016752,88.0459181305922,Normal,Train
47,87.55595049324153,33.84674537055998,87.88458420485233,Normal,Train
48,88.47983213311552,34.135143328761636,87.72186445665265,Normal,Train
49,87.3926301408708,34.36901824760212,87.56077551144135,Normal,Train
50,83.99466845479803,34.571458981926966,87.40478350875915,Normal,Train
51,85.53207375031475,34.7403076772032,87.24648539813369,Normal,Train
52,85.23708285943106,35.028081322183844,87.08862977384454,Normal,Train
53,88.62528865677173,35.30361528847699,86.92569184085939,Normal,Train
54,84.61352190869944,35.53910356242692,86.76877155799633,Normal,Train
55,79.45983170308757,35.76040517159309,86.6195818104417,Normal,Train
56,82.57151779783675,36.240688074447675,86.46572453374495,Normal,Train
57,81.17610285677003,36.49799641638194,86.31396037945979,Normal,Train
58,80.5586770016483,36.605091996460224,86.16312236395731,Normal,Train
59,81.94002243098622,36.908655010251515,86.01021233031084,Normal,Train
60,80.22327521337638,37.03886310797785,85.85987741749076,Normal,Train
61,80.39581356357519,37.11990789673923,85.7092836971454,Normal,Train
62,77.67681321080045,37.55034267397107,85.5627684773292,Normal,Train
63,73.40050008308148,37.688413280605694,85.42266772720458,Normal,Train
64,74.4267430051247,37.835805662589586,85.2810276126969,Normal,Train
65,69.94122115161898,38.024113011450495,85.14611578096948,Normal,Train
66,69.70418409715049,38.251340446808236,85.01155950482375,Normal,Train
67,68.74926409049789,38.5819509498395,84.87843560868801,Normal,Train
68,67.75598935384814,38.720562957158045,84.74680162465724,Normal,Train
69,69.66100081461629,38.774407776537174,84.61231012343531,Normal,Train
70,67.17950512466493,39.073152688795595,84.48154086574831,Normal,Train
71,62.18148082661668,39.2409586467868,84.35826864450839,Normal,Train
72,64.57144282663573,39.47617714927061,84.23141148026843,Normal,Train
73,60.21852500612293,39.48499161688653,84.11108369275925,Normal,Train
74,62.364752507531946,39.663026751518665,83.98753656399795,Normal,Train
75,60.440185982787106,39.83856011640204,83.86687628502376,Normal,Train
76,57.189580077924084,39.99059477592527,83.75109191490688,Normal,Train
77,57.74052505664432,40.04928909271718,83.63448112732192,Normal,Train
78,59.48723317270287,40.23268054454195,83.51525027756287,Normal,Train
79,51.973172262937815,40.40731128614745,83.40729051916847,Normal,Train
80,51.007541639580054,40.59091689711563,83.3007792067091,Normal,Train
81,53.87849037693601,40.623059714011276,83.18996147114369,Normal,Train
82,52.0979469039957,40.772188382012864,83.0818145507877,Normal,Train
83,50.43293545055887,41.063294200827166,82.97616514761187,Normal,Train
84,46.92559595443597,41.07590699342863,82.87577675368021,Normal,Train
85,44.277032569809855,41.072991950952705,82.7793612048255,Normal,Train
86,44.555855646626924,41.18676067539375,82.68252742135556,Normal,Train
87,43.933900010934344,41.34650060763405,82.58662657133915,Normal,Train
88,42.09557023469911,41.56180250874069,82.4934832159871,Normal,Train
89,40.2499867584695,41.89644716901933,82.40310823584939,Normal,Train
90,40.763119180210175,41.87381654183236,82.31196355707907,Normal,Train
91,36.12726138914077,41.96901393205135,82.22777266499536,Normal,Train
92,36.60614867189797,42.088659446083994,82.14286344198752,Normal,Train
93,36.81228860172204,42.12986492714,82.05764500908494,Normal,Train
94,33.015575643357195,42.0134152597146,81.97812164561991,Normal,Train
95,32.6919439128708,42.13342328180313,81.8990837297506,Normal,Train
96,32.9232315163736,42.043547021112026,81.81969888247605,Normal,Train
97,31.787479219677707,42.11316074826934,81.74201766364654,Normal,Train
98,28.657165022019544,42.14838069344788,81.66903191611351,Normal,Train
99,29.564374807516515,42.056965452717336,81.59468535390224,Normal,Train
100,29.227487384919076,42.13511224939051,81.52084412282485,Normal,Train
101,29.784345733417705,42.2641972156634,81.44616760422473,Normal,Train
102,24.0130400636724,42.17340356303209,81.38014804412921,Normal,Train
103,26.993749458019337,42.23856666697425,81.30965741994218,Normal,Train
104,26.23552633986699,42.63470989156136,81.24030413043238,Normal,Train
105,25.636628986910747,42.75545581746736,81.17184918695202,Normal,Train
106,25.74107022661681,42.82766686512122,81.10323758161209,Normal,Train
107,22.590607389145116,42.89932024557207,81.03935167052838,Normal,Train
108,21.114414015613278,42.865941552970426,80.97768004950495,Normal,Train
109,21.17999291336302,42.864795175893946,80.9159100601349,Normal,Train
110,26.323244547213953,42.68674083184644,80.84642519331409,Normal,Train
111,22.662937810682944,42.52204256373748,80.78243078659807,Normal,Train
112,19.996971855540046,42.618838854673655,80.72243532881475,Normal,Train
113,20.774301179987887,42.50129907559199,80.66127387704478,Normal,Train
114,18.974998763610497,42.55366614985572,80.60281137889936,Normal,Train
115,18.760081609394472,42.55875762984738,80.54467125648527,Normal,Train
116,20.18280652037436,42.48200238738872,80.48439704670471,Normal,Train
117,24.306244879695708,42.5485381371499,80.41793767938518,Normal,Train
118,15.950728555133932,42.54081696602121,80.36401158655248,Normal,Train
119,18.716088738298726,42.609403342220794,80.30593745344503,Normal,Train
120,18.549197213880174,42.5804142749538,80.2481136576242,Normal,Train
121,21.29456805207897,42.65919912545328,80.18617180554608,Normal,Train
122,18.089892728229987,42.606426829916174,80.12903696645374,Normal,Train
123,19.801694829738242,42.52797413124322,80.06933442420913,Normal,Train
124,24.598383999678884,42.57245474981322,80.00243684820961,Normal,Train
125,18.915882478120064,42.648156714192865,79.94406302449244,Normal,Train
126,26.10583024828395,42.7601810192602,79.87490427912002,Normal,Train
127,19.29965989208656,42.69626569751884,79.81595478928189,Normal,Train
128,25.401355684948896,42.631618433064205,79.74785275575447,Normal,Train
129,24.33571089747004,42.711730352816026,79.68134918940827,Normal,Train
130,22.225226106638473,42.70071918717181,79.61801135024831,Normal,Train
131,18.277034242884252,42.57944716613979,79.56059579888398,Normal,Train
132,24.983292732239093,42.45979258384158,79.49312085978562,Normal,Train
133,29.529323972969625,42.33829190961555,79.41882687382616,Normal,Train
134,26.20645538969638,42.36173539356963,79.34951719074162,Normal,Train
135,30.835789513672683,42.24462750017526,79.27326350647111,Normal,Train
136,31.189538053936484,42.2738356794653,79.19647919939021,Normal,Train
137,27.851974149186336,42.33643259369592,79.12470123816644,Normal,Train
138,31.20518238524749,42.30428331395362,79.04789346458857,Normal,Train
139,31.977442245223724,42.29645586886991,78.96992730122074,Normal,Train
140,33.132702364971244,42.39744757112394,78.89022824767328,Normal,Train
141,37.180877124499176,42.32220930089251,78.80445693198654,Normal,Train
142,39.411667431798634,42.18365251974799,78.71533943083884,Normal,Train
143,36.01055048622128,42.287786557019224,78.6313236051095,Normal,Train
144,38.07451782637848,42.27762627120141,78.54421182836994,Normal,Train
145,38.322679219803945,42.28134504992004,78.45672780954023,Normal,Train
146,38.81259808944272,42.42102397273551,78.36850891240606,Normal,Train
147,41.98177313222921,42.41698512328131,78.27553625270771,Normal,Train
148,44.365325151285006,42.52132577290534,78.17898826498079,Normal,Train
149,45.510124425156704,42.66148878949413,78.08072307834306,Normal,Train
150,43.562467541193456,42.67529336671063,77.98537937703126,Normal,Train
151,48.06674733055095,42.821862835444065,77.88327925603544,Normal,Train
152,47.895542235607195,42.917942520257796,77.78143594268202,Normal,Train
153,51.869159259046455,42.956655668699845,77.67363220379346,Normal,Train
154,51.79360493361082,43.033887398049295,77.56594179639305,Normal,Train
155,51.656508494933185,43.24042731338808,77.45845703365065,Normal,Train
156,55.139816715670555,43.42980592623944,77.34574730857715,Normal,Train
157,57.49947205154883,43.54743523887818,77.22949810049982,Normal,Train
158,57.65212915249387,43.63200127429705,77.11301990677109,Normal,Train
159,58.33420380521505,43.73662867708135,76.99551860106327,Normal,Train
160,59.273214099752714,43.916654114265846,76.87660877991364,Normal,Train
161,58.82960598754547,44.244129846333735,76.75836437093233,Normal,Train
162,59.832093265519646,44.24314679209895,76.63861623103405,Normal,Train
163,65.52748130518293,44.46268665889499,76.51032500907627,Normal,Train
164,65.81349445829974,44.66601769378988,76.38160476738882,Normal,Train
165,65.8794541772744,44.7162062754866,76.25278558612291,Normal,Train
166,67.37680574782317,44.79344409935082,76.12172037750118,Normal,Train
167,70.47712730003127,44.934234530353315,75.98600468655113,Normal,Train
168,68.15594450641987,45.04890481383907,75.8537707697915,Normal,Train
169,71.88916493177041,45.15194881656451,75.71593702239385,Normal,Train
170,70.64952649871842,45.33098308519296,75.57996273264577,Normal,Train
171,73.98689904022001,45.44591898195585,75.43898238408543,Normal,Train
172,73.72829669528936,45.633389338197304,75.2983899390425,Normal,Train
173,72.91614363088686,45.65331590611496,75.15901572359617,Normal,Train
174,75.48406761875309,45.80155216398495,75.01578962216804,Normal,Train
175,78.61634608635363,46.129038788326206,74.86786510303851,Normal,Train
176,80.74663875117137,46.29914201580566,74.71674514491176,Normal,Train
177,79.99163065377215,46.38166321856686,74.5667576989311,Normal,Train
178,80.95093824086828,46.53859898564362,74.4153312915698,Normal,Train
179,82.55012787738764,46.64664694291667,74.26150609975372,Normal,Train
180,83.8170682632027,46.99469398536647,74.10578049735891,Normal,Train
181,83.39009994117733,47.22675173142902,73.95069534744714,Normal,Train
182,85.77138713513652,47.385922532287694,73.79203826674443,Normal,Train
183,85.57574354008239,47.58515318462701,73.6336746514343,Normal,Train
184,86.01117253145387,47.70655069736304,73.47465789263713,Normal,Train
185,86.50380370192482,47.95628763665487,73.31490218708424,Normal,Train
186,89.94571264467821,48.26319956297315,73.14998361811723,Normal,Train
187,91.88716977467209,48.4030171026438,72.98215286345523,Normal,Train
188,89.81070322607674,48.63007669609833,72.81743680861611,Normal,Train
189,92.87802626664994,48.767799652711695,72.64811976921614,Normal,Train
190,87.19774483674047,48.90598129648504,72.48732315196102,Normal,Train
191,84.9539689184842,49.043120760345715,72.3298921985833,Normal,Train
192,87.95335136939723,49.25782438574485,72.1679621715292,Normal,Train
193,90.36983773630448,49.65270460420052,72.00240741492475,Normal,Train
194,91.74639183146702,49.80551579162761,71.83478782717755,Normal,Train
195,88.15218774541447,50.052018302720704,71.67255954555942,Normal,Train
196,87.35611263513785,50.42870250031824,71.51152537660671,Normal,Train
197,92.34703419074968,50.59128474477412,71.34300482532059,Normal,Train
198,86.49748620867584,50.91504804494193,71.18325859600758,Normal,Train
199,89.57440633547968,51.23667990613369,71.01889698650436,Normal,Train
200,86.43868331422964,51.36233107581358,70.85923896153301,Normal,Train
201,89.40668196209155,51.56250319775412,70.69512893858987,Normal,Train
202,88.20969297669674,51.81527210361629,70.53281439912483,Normal,Train
203,86.63364397599301,51.98499082061567,70.37286393316084,Normal,Train
204,88.6145140011939,52.22664553974326,70.20994216215905,Normal,Train
205,89.34879923996984,52.305995545740394,70.0459189632991,Normal,Train
206,84.35631400091557,52.60778634475049,69.88938449229772,Normal,Train
207,87.53627087405974,52.716883493775036,69.72808008598663,Normal,Train
208,89.37005947922036,52.91837863140649,69.5640249967678,Normal,Train
209,87.97244083563143,53.10936050794658,69.40206633551435,Normal,Train
210,89.03245763285379,53.47207075187411,69.23851764906507,Normal,Train
211,83.66229764352966,53.736157605714396,69.08302420259977,Normal,Train
212,84.6535918560677,54.04236370254101,68.92604381481567,Normal,Train
213,80.59023255863231,54.2648652076859,68.77515846597773,Normal,Train
214,83.75014171985629,54.25305729423234,68.61953325339795,Normal,Train
215,78.33738140026242,54.19430268218032,68.47202718129755,Normal,Train
216,79.19456968186661,54.41446069091773,68.32323532677475,Normal,Train
217,81.7280142429221,54.57826037604626,68.17064330541037,Normal,Train
218,80.9324957983257,54.593200924014724,68.01924456171288,Normal,Train
219,73.18418881052627,54.713418011265844,67.87946827849709,Normal,Train
220,76.24023264909027,54.84613567868319,67.73510792952345,Normal,Train
221,70.1856146174539,54.95148878317827,67.59982950759726,Normal,Train
222,70.52904820622443,55.13350175165035,67.46403593528792,Normal,Train
223,72.65965517882769,55.161288559136906,67.32504645251969,Normal,Train
224,69.66011760824709,55.16653246434033,67.19055627610732,Normal,Train
225,69.29878878891515,55.3719263272943,67.05660809292394,Normal,Train
226,66.16591487314511,55.52042397559291,66.92735922061422,Normal,Train
227,65.76905472676948,55.537246688008,66.79870563852407,Normal,Train
228,65.28878745286886,55.52808422509907,66.67077245734477,Normal,Train
229,63.05202545475883,55.494866188031445,66.54619441916263,Normal,Train
230,66.73059725934145,55.59797016888419,66.41609852327362,Normal,Train
231,60.031038734545234,55.695084914852984,66.2960519651718,Normal,Train
232,59.824888996334344,55.74759472672742,66.1763146316773,Normal,Train
233,59.888855646014086,55.89796611358629,66.05648134820828,Normal,Train
234,56.20464104619376,55.90150866872916,65.942174386639,Normal,Train
235,55.317036496564235,55.72932014531866,65.82919883189415,Normal,Train
236,51.43686707707778,55.91111932625161,65.72204353127853,Normal,Train
237,56.35814622671496,55.94782475678446,65.60750631193845,Normal,Train
238,52.8253767746889,56.02804729192309,65.49826824677642,Normal,Train
239,56.43940018391564,56.20143049454256,65.38360914650055,Normal,Train
240,48.64272747423418,56.139320274664165,65.2806450552892,Normal,Train
241,44.312355105049,56.1782026000199,65.18417652263163,Normal,Train
242,44.65118935244236,56.0555435813936,65.08719973860296,Normal,Train
243,43.523524061687766,55.96349894092249,64.99191445251043,Normal,Train
244,46.860023243423676,56.07981900220573,64.89162441764529,Normal,Train
245,42.15728519354927,56.23904463826333,64.79838848985497,Normal,Train
246,41.0359776893883,56.15958596149031,64.7068345233209,Normal,Train
247,42.65808682898306,56.226141925914256,64.61284739307742,Normal,Train
248,36.29256174162979,56.19722745649794,64.52840855046497,Normal,Train
249,35.397642084699086,56.04605032087196,64.44531208733792,Normal,Train
250,0.0,56.16152992466251,64.69531208733792,Normal,Train
251,0.0,56.37498699893553,64.94531208733792,Normal,Train
252,0.0,56.25700528055681,65.19531208733792,Normal,Train
253,0.0,56.335531188384195,65.44531208733792,Normal,Train
254,0.0,56.29246033790686,65.69531208733792,Normal,Train
255,0.0,56.26587041851667,65.94531208733792,Normal,Train
256,0.0,56.22883341483723,66.19531208733792,Normal,Train
257,0.0,56.16474783762474,66.44531208733792,Normal,Train
258,0.0,56.192105756906344,66.69531208733792,Normal,Train
259,0.0,56.13143442799452,66.94531208733792,Normal,Train
260,0.0,56.18108580728852,67.19531208733792,Normal,Train
261,0.0,56.19851873892174,67.44531208733792,Normal,Train
262,0.0,56.19702837801834,67.69531208733792,Normal,Train
263,0.0,56.128680926680126,67.94531208733792,Normal,Train
264,0.0,56.09361775084325,68.19531208733792,Normal,Train
265,0.0,56.1918760201733,68.44531208733792,Normal,Train
266,0.0,56.264392110875214,68.69531208733792,Normal,Train
267,0.0,56.18884341006273,68.94531208733792,Normal,Train
268,0.0,56.221210110375466,69.19531208733792,Normal,Train
269,0.0,56.318685192381515,69.44531208733792,Normal,Train
270,0.0,56.173788608692234,69.69531208733792,Normal,Train
271,0.0,56.25060326210415,69.94531208733792,Normal,Train
272,0.0,56.20658907642325,70.19531208733792,Normal,Train
273,0.0,56.2860291760533,70.44531208733792,Normal,Train
274,0.0,56.231845172870884,70.69531208733792,Normal,Train
275,0.0,56.07366142728582,70.94531208733792,Normal,Train
276,0.0,55.93368619921565,71.19531208733792,Normal,Train
277,0.0,55.96169363528414,71.44531208733792,Normal,Train
278,0.0,56.010780804550436,71.69531208733792,Normal,Train
279,0.0,55.943316799626345,71.94531208733792,Normal,Train
280,0.0,56.0303460951052,72.19531208733792,Normal,Train
281,0.0,55.88710305059299,72.44531208733792,Normal,Train
282,0.0,55.90383376157648,72.69531208733792,Normal,Train
283,0.0,55.8060206403155,72.94531208733792,Normal,Train
284,0.0,55.76441896761434,73.19531208733792,Normal,Train
285,0.0,55.79286557784314,73.44531208733792,Normal,Train
286,0.0,55.730445644581216,73.69531208733792,Normal,Train
287,0.0,55.71579875322449,73.94531208733792,Normal,Train
288,0.0,55.84028063788626,74.19531208733792,Normal,Train
289,0.0,55.80607060902029,74.44531208733792,Normal,Train
290,0.0,55.913221608399745,74.69531208733792,Normal,Train
291,0.0,55.82351125810878,74.94531208733792,Normal,Train
292,0.0,55.90002114212598,75.19531208733792,Normal,Train
293,0.0,56.06747794076539,75.44531208733792,Normal,Train
294,0.0,55.84311105693037,75.69531208733792,Normal,Train
295,0.0,55.78689219821253,75.94531208733792,Normal,Train
296,0.0,55.86823873433595,76.19531208733792,Normal,Train
297,0.0,55.87132947952864,76.44531208733792,Normal,Train
298,0.0,55.93183007842718,76.69531208733792,Normal,Train
299,0.0,55.89463606952032,76.94531208733792,Normal,Train
300,0.0,55.926611140059045,77.19531208733792,Normal,Train
301,0.0,55.93426358309966,77.44531208733792,Normal,Train
302,0.0,56.074238998516336,77.69531208733792,Normal,Train
303,0.0,56.12245836585091,77.94531208733792,Normal,Train
304,0.0,56.178851256960876,78.19531208733792,Normal,Train
305,0.0,56.160127006577746,78.44531208733792,Normal,Train
306,0.0,56.133886003150764,78.69531208733792,Normal,Train
307,0.0,56.11322852635935,78.94531208733792,Normal,Train
308,0.0,56.175334055018105,79.19531208733792,Normal,Train
309,0.0,56.155709604771026,79.44531208733792,Normal,Train
310,0.0,56.20721996164635,79.69531208733792,Normal,Train
311,0.0,56.43713838162596,79.94531208733792,Normal,Train
312,0.0,56.46093943682425,80.19531208733792,Normal,Train
313,0.0,56.364954265296994,80.29531208733792,Normal,Train
314,0.0,56.4219807947175,80.39531208733791,Normal,Train
315,0.0,56.31790731503119,80.49531208733791,Normal,Train
316,0.0,56.051141139568315,80.5953120873379,Normal,Train
317,0.0,55.88817908505787,80.6953120873379,Normal,Train
318,0.0,55.639435355700115,80.79531208733789,Normal,Train
319,0.0,55.543365701228886,80.89531208733789,Normal,Train
320,0.0,55.484577442044156,80.99531208733788,Normal,Train
321,0.0,55.59176744094555,81.09531208733787,Normal,Train
322,0.0,55.56368487599913,81.19531208733787,Normal,Train
323,0.0,55.481083768490244,81.29531208733786,Normal,Train
324,0.0,55.503581075303124,81.39531208733786,Normal,Train
325,0.0,55.221956801176425,81.49531208733785,Normal,Train
326,0.0,55.185852386583754,81.59531208733785,Normal,Train
327,0.0,55.2033813488127,81.69531208733784,Normal,Train
328,0.0,54.995912580188275,81.79531208733783,Normal,Train
329,0.0,55.051300246768406,81.89531208733783,Normal,Train
330,0.0,55.025995986777545,81.99531208733782,Normal,Train
331,0.0,54.92538920742713,82.09531208733782,Normal,Train
332,0.0,54.92989122641548,82.19531208733781,Normal,Train
333,0.0,55.09817083851667,82.2953120873378,Normal,Train
334,0.0,55.05706295150697,82.3953120873378,Normal,Train
335,0.0,55.02271382128249,82.4953120873378,Normal,Train
336,0.0,54.917709589864614,82.59531208733779,Normal,Train
337,0.0,54.77397202414854,82.69531208733778,Normal,Train
338,0.0,54.798683689730524,82.79531208733778,Normal,Train
339,0.0,54.654679256070445,82.89531208733777,Normal,Train
340,0.0,54.60387184202417,82.99531208733777,Normal,Train
341,0.0,54.49829448182159,83.09531208733776,Normal,Train
342,0.0,54.48869758095076,83.19531208733775,Normal,Train
343,0.0,54.464597698736604,83.29531208733775,Normal,Train
344,0.0,54.51095790006618,83.39531208733774,Normal,Train
345,0.0,54.40242338648051,83.49531208733774,Normal,Train
346,0.0,54.31822862279173,83.59531208733773,Normal,Train
347,0.0,54.16339756534512,83.69531208733773,Normal,Train
348,0.0,54.06247804664147,83.79531208733772,Normal,Train
349,0.0,54.04402066180604,83.89531208733771,Normal,Train
350,0.0,54.063587461485156,83.99531208733771,Normal,Train
351,0.0,53.91518016668294,84.0953120873377,Normal,Train
352,0.0,53.94639521819345,84.1953120873377,Normal,Train
353,0.0,54.02611981841937,84.29531208733769,Normal,Train
354,0.0,54.01138494928648,84.39531208733769,Normal,Train
355,0.0,54.14303037569443,84.49531208733768,Normal,Train
356,0.0,54.00922236465699,84.59531208733767,Normal,Train
357,0.0,53.82872922723188,84.69531208733767,Normal,Train
358,0.0,53.59537101465976,84.79531208733766,Normal,Train
359,0.0,53.6901893327647,84.89531208733766,Normal,Train
360,0.0,53.70055533040181,84.99531208733765,Normal,Train
361,0.0,53.63989519731956,85.09531208733765,Normal,Train
362,0.0,53.612972374359586,85.19531208733764,Normal,Train
363,0.0,53.445584552506666,85.29531208733763,Normal,Train
364,0.0,53.63582299681083,85.39531208733763,Normal,Train
365,0.0,53.593837646017924,85.49531208733762,Normal,Train
366,0.0,53.54999561254036,85.59531208733762,Normal,Train
367,0.0,53.5679222880926,85.69531208733761,Normal,Train
368,0.0,53.561319444401995,85.7953120873376,Normal,Train
369,0.0,53.5290238884967,85.8953120873376,Normal,Train
370,0.0,53.39538937128668,85.9953120873376,Normal,Train
371,0.0,53.38835003888642,86.09531208733759,Normal,Train
372,0.0,53.52238743841727,86.19531208733758,Normal,Train
373,0.0,53.602362280717514,86.29531208733758,Normal,Train
374,0.0,53.7068738565393,86.39531208733757,Normal,Train
375,0.0,53.60063166732657,86.49531208733757,Normal,Train
376,0.0,53.44686929029873,86.59531208733756,Normal,Train
377,0.0,53.37994999041787,86.69531208733756,Normal,Train
378,0.0,53.33138263167549,86.79531208733755,Normal,Train
379,0.0,53.386807635627555,86.89531208733754,Normal,Train
380,0.0,53.163400749749194,86.99531208733754,Normal,Train
381,0.0,53.26286557944601,87.09531208733753,Normal,Train
382,0.0,53.19327619284977,87.19531208733753,Normal,Train
383,0.0,53.09700825727648,87.29531208733752,Normal,Train
384,0.0,52.942506794978634,87.39531208733752,Normal,Train
385,0.0,52.72419360740712,87.49531208733751,Normal,Train
386,0.0,52.75433808498109,87.5953120873375,Normal,Train
387,0.0,52.70940686744499,87.6953120873375,Normal,Train
388,0.0,52.52828255686855,87.79531208733749,Normal,Train
389,0.0,52.34718983199158,87.89531208733749,Normal,Train
390,0.0,52.26256979256659,87.99531208733748,Normal,Train
391,0.0,52.37868423571783,88.09531208733748,Normal,Train
392,0.0,52.301589047874316,88.19531208733747,Normal,Train
393,0.0,52.10036998541888,88.29531208733746,Normal,Train
394,0.0,52.025494569054025,88.39531208733746,Normal,Train
395,0.0,51.9481457283721,88.49531208733745,Normal,Train
396,0.0,51.628612626892824,88.59531208733745,Normal,Train
397,0.0,51.574297302360364,88.69531208733744,Normal,Train
398,0.0,51.50248095743242,88.79531208733744,Normal,Train
399,0.0,51.523594151041465,88.89531208733743,Normal,Train
400,0.0,51.65991897808288,88.99531208733742,Normal,Train
401,0.0,51.723595724103404,89.09531208733742,Normal,Train
402,0.0,51.64753606787561,89.19531208733741,Normal,Train
403,0.0,51.48794086879782,89.29531208733741,Normal,Train
404,0.0,51.696813026516416,89.3953120873374,Normal,Train
405,0.0,51.65364443083831,89.4953120873374,Normal,Train
406,0.0,51.60607642673709,89.59531208733739,Normal,Train
407,0.0,51.55484568874588,89.69531208733738,Normal,Train
408,0.0,51.525989627756424,89.79531208733738,Normal,Train
409,0.0,51.46297561768076,89.89531208733737,Normal,Train
410,0.0,51.357220490139696,89.99531208733737,Normal,Train
411,0.0,51.25446293454524,90.09531208733736,Normal,Train
412,0.0,51.20342421872,90.19531208733736,Normal,Train
413,0.0,51.101471468950464,90.29531208733735,Normal,Train
414,0.0,50.9828824762759,90.39531208733735,Normal,Train
415,0.0,50.94657685161626,90.49531208733734,Normal,Train
416,0.0,50.87423939931932,90.59531208733733,Normal,Train
417,0.0,50.97801597997963,90.69531208733733,Normal,Train
418,0.0,50.66598495120039,90.79531208733732,Normal,Train
419,0.0,50.72913768153904,90.89531208733732,Normal,Train
420,0.0,50.807558787744185,90.99531208733731,Normal,Train
421,0.0,50.553797088140136,91.0953120873373,Normal,Train
422,0.0,50.47386693746768,91.1953120873373,Normal,Train
423,0.0,50.391301250055704,91.2953120873373,Normal,Train
424,0.0,50.20537617683375,91.39531208733729,Normal,Train
425,0.0,50.082978379544166,91.49531208733728,Normal,Train
426,0.0,49.92767185985895,91.59531208733728,Normal,Train
427,0.0,50.05911588862173,91.69531208733727,Normal,Train
428,0.0,50.10850638027061,91.79531208733727,Normal,Train
429,0.0,50.191336370629216,91.89531208733726,Normal,Train
430,0.0,50.21892956792165,91.99531208733725,Normal,Train
431,0.0,50.06136760209616,92.09531208733725,Normal,Train
432,0.0,49.964731472661896,92.19531208733724,Normal,Train
433,0.0,49.9697747343667,92.29531208733724,Normal,Train
434,0.0,49.80365262927441,92.39531208733723,Normal,Train
435,0.0,49.831541514403824,92.49531208733723,Normal,Train
436,0.0,49.764014350044796,92.59531208733722,Normal,Train
437,0.0,49.683240226239704,92.69531208733721,Normal,Train
438,0.0,49.711286502381334,92.79531208733721,Normal,Train
439,0.0,49.7125789740228,92.8953120873372,Normal,Train
440,0.0,49.63334462051882,92.9953120873372,Normal,Train
441,0.0,49.70637756699369,93.09531208733719,Normal,Train
442,0.0,49.55515210153272,93.19531208733719,Normal,Train
443,0.0,49.57408020592255,93.29531208733718,Normal,Train
444,0.0,49.59066809110162,93.39531208733717,Normal,Train
445,0.0,49.516941442896915,93.49531208733717,Normal,Train
446,0.0,49.507003920792435,93.59531208733716,Normal,Train
447,0.0,49.33937155139153,93.69531208733716,Normal,Train
448,0.0,49.38975613865804,93.79531208733715,Normal,Train
449,0.0,49.32909665659777,93.89531208733715,Normal,Train
450,0.0,49.23483706457607,93.99531208733714,Normal,Train
451,0.0,49.29803347596603,94.09531208733713,Normal,Train
452,0.0,49.18570500648386,94.19531208733713,Normal,Train
453,0.0,49.00330176182805,94.29531208733712,Normal,Train
454,0.0,48.806628939190176,94.39531208733712,Normal,Train
455,0.0,48.826810047507166,94.49531208733711,Normal,Train
456,0.0,48.65828668211502,94.5953120873371,Normal,Train
457,0.0,48.79379124026711,94.6953120873371,Normal,Train
458,0.0,48.54521692575794,94.7953120873371,Normal,Train
459,0.0,48.67522691180967,94.89531208733709,Normal,Train
460,0.0,48.6563029777945,94.99531208733708,Normal,Train
461,0.0,48.60666275767408,95.09531208733708,Normal,Train
462,0.0,48.51235086072016,95.19531208733707,Normal,Train
463,0.0,48.51272741957321,95.29531208733707,Normal,Train
464,0.0,48.469425767072,95.39531208733706,Normal,Train
465,0.0,48.54034767797244,95.49531208733706,Normal,Train
466,0.0,48.51214939980473,95.59531208733705,Normal,Train
467,0.0,48.487643127751504,95.69531208733704,Normal,Train
468,0.0,48.411818977146865,95.79531208733704,Normal,Train
469,0.0,48.366888957843315,95.89531208733703,Normal,Train
470,0.0,48.358568467858994,95.99531208733703,Normal,Train
471,0.0,48.14847592318976,96.09531208733702,Normal,Train
472,0.0,47.975211953209616,96.19531208733702,Normal,Train
473,0.0,48.01161272675226,96.29531208733701,Normal,Train
474,0.0,47.9906644323848,96.395312087337,Normal,Train
475,0.0,47.93429410545237,96.495312087337,Normal,Train
476,0.0,47.898334616442554,96.59531208733699,Normal,Train
477,0.0,47.8953977831294,96.69531208733699,Normal,Train
478,0.0,47.80373562174907,96.79531208733698,Normal,Train
479,0.0,47.68849394234359,96.89531208733698,Normal,Train
480,0.0,47.67101298602633,96.99531208733697,Normal,Train
481,0.0,47.53616266930675,97.09531208733696,Normal,Train
482,0.0,47.540379456870276,97.19531208733696,Normal,Train
483,0.0,47.33349995807588,97.29531208733695,Normal,Train
484,0.0,47.40041502193422,97.39531208733695,Normal,Train
485,0.0,47.41147352510973,97.49531208733694,Normal,Train
486,0.0,47.400842077965784,97.59531208733694,Normal,Train
487,0.0,47.46290865012644,97.69531208733693,Normal,Train
488,0.0,47.593067368622314,97.79531208733692,Normal,Train
489,0.0,47.657725173018264,97.89531208733692,Normal,Train
490,0.0,47.43666457436604,97.99531208733691,Normal,Train
491,0.0,47.27239688396937,98.09531208733691,Normal,Train
492,0.0,47.1740978355479,98.1953120873369,Normal,Train
493,0.0,47.14118464706234,98.2953120873369,Normal,Train
494,0.0,47.15752699516806,98.39531208733689,Normal,Train
495,0.0,47.04948003286721,98.49531208733688,Normal,Train
496,0.0,47.03300826921632,98.59531208733688,Normal,Train
497,0.0,46.922370951173335,98.69531208733687,Normal,Train
498,0.0,46.82645205802062,98.79531208733687,Normal,Train
499,0.0,46.65130659216174,98.89531208733686,Normal,Train
500,85.10661728324516,46.71540606572282,98.737652161412,Normal,Test
501,85.54694075872901,47.02132291377626,98.57933175027391,Normal,Test
502,86.09350200929653,47.48580308563743,98.42019149725996,Normal,Test
503,89.41976746932177,47.71531267180699,98.25606184605599,Normal,Test
504,87.10376210915003,47.987345576442685,98.09540620289226,Normal,Test
505,88.0024424693686,48.20360572424424,97.93340253918821,Normal,Test
506,94.55248898745643,48.420119022830896,97.76157380570703,Normal,Test
507,91.95438398587727,48.56596124817755,97.59364222972822,Normal,Test
508,89.75393582781676,48.95091624214575,97.4290113259865,Normal,Test
509,88.68234333695102,49.33474563465619,97.26598781098107,Normal,Test
510,91.40825537590437,49.4890888683438,97.09887542791722,Normal,Test
511,91.25806009788553,49.7957911681757,96.93198833777039,Normal,Test
512,91.18137593242571,49.84672034727744,96.76521627387176,Normal,Test
513,88.37210008793603,50.01988395264095,96.60265812373986,Normal,Test
514,89.51041124310713,50.283158065936334,96.4383925068752,Normal,Test
515,89.79213631351807,50.35076347489889,96.27370430240492,Normal,Test
516,89.91949479522071,50.61313722731095,96.1088250602121,Normal,Test
517,89.9463974989648,50.921575142203544,95.94390546396365,Normal,Test
518,90.10826273153216,51.167185769117935,95.77874306986635,Normal,Test
519,87.86019128294824,51.19193160218018,95.61695278294192,Normal,Test
520,85.77836107616663,51.29498024493046,95.45440217849547,Anomalous,Test
521,84.18180111657769,51.294305353448266,95.45440217849547,Anomalous,Test
522,84.82981537747507,51.204334635065,95.45440217849547,Anomalous,Test
523,85.69638744745671,51.48604128664456,95.45440217849547,Anomalous,Test
524,85.08840688629185,51.59048626114151,95.45440217849547,Anomalous,Test
525,83.8583108858665,51.25624835307451,95.45440217849547,Anomalous,Test
526,84.2831776793972,50.92167292151584,95.45440217849547,Anomalous,Test
527,84.9173193141573,51.2706307432538,95.45440217849547,Anomalous,Test
528,86.51344974324213,51.421142581841416,95.45440217849547,Anomalous,Test
529,83.9758131756708,51.6657987581973,95.45440217849547,Anomalous,Test
530,86.22103369552535,51.41139978562418,95.45440217849547,Anomalous,Test
531,84.77351590115016,51.10309239758576,95.45440217849547,Anomalous,Test
532,84.62779322392895,51.51272996887129,95.45440217849547,Anomalous,Test
533,86.8845863059346,51.60362895058489,95.45440217849547,Anomalous,Test
534,84.51115057821373,51.071056758272654,95.45440217849547,Anomalous,Test
535,85.14088624691121,50.94129237181789,95.45440217849547,Anomalous,Test
536,85.32316771418478,51.265459727670724,95.45440217849547,Anomalous,Test
537,84.53396349813175,50.9760396314771,95.45440217849547,Anomalous,Test
538,85.51360010656971,51.18844007699808,95.45440217849547,Anomalous,Test
539,83.83008316428972,50.72052780227413,95.45440217849547,Anomalous,Test
540,84.97248509494936,51.64943056426441,95.45440217849547,Anomalous,Test
541,86.66125921454787,51.2035609936132,95.45440217849547,Anomalous,Test
542,84.39778793963822,51.38873509614546,95.45440217849547,Anomalous,Test
543,84.0016145608117,51.35533862489435,95.45440217849547,Anomalous,Test
544,85.76608027838469,51.54036688970732,95.45440217849547,Anomalous,Test
545,61.550606233535454,54.744039678386805,91.83972376929711,Normal,Test
546,58.02463586009676,54.854390719802005,91.72268681550696,Normal,Test
547,59.215099566407105,54.97947113180604,91.60386416615735,Normal,Test
548,58.066437000473634,55.29631579077156,91.48676451065664,Normal,Test
549,54.814543878058544,55.3018817356815,91.37454269483955,Normal,Test
550,53.44392312198634,55.3001802277497,91.26437681015656,Normal,Test
551,52.01610585573153,55.467937530444516,91.15635265137297,Normal,Test
552,54.73529876906363,55.46856469663951,91.04424970321938,Normal,Test
553,48.83795776266169,55.55276484566091,90.94099276657539,Normal,Test
554,48.0137962264609,55.64989525484643,90.8389720722357,Normal,Test
555,48.14907132046605,55.53224301194895,90.736748465255,Normal,Test
556,49.47482793668877,55.750863704989115,90.63253622334997,Normal,Test
557,43.804622861396325,55.73040627419045,90.53682928905788,Normal,Test
558,44.26826328498651,55.78386924958984,90.4404268941304,Normal,Test
559,43.698036446770516,56.00269735403182,90.34487983946025,Normal,Test
560,40.731656635761745,55.92941763838701,90.25378235450661,Normal,Test
561,37.05377597404302,55.85029517974842,90.16820169054554,Normal,Test
562,38.49732072071324,56.0290904079037,90.08045570946447,Normal,Test
563,36.30580707906052,56.042423166212686,89.99599699884588,Normal,Test
564,36.11388948112989,56.151491414076595,89.91182616462419,Normal,Test
565,40.03646692291251,56.10192620535845,89.82177146423982,Normal,Test
566,32.87161355055446,56.184985235670865,89.74246404391398,Normal,Test
567,34.11600047971789,56.3523220289808,89.66129004319441,Normal,Test
568,32.85739064205034,56.29398439903335,89.58200395723134,Normal,Test
569,31.845452476247708,56.37913790316237,89.50423577851697,Normal,Test
570,31.318647900846155,56.401964022313415,89.42725780666571,Normal,Test
571,30.86508394575047,56.489313519078856,89.35096018074708,Normal,Test
572,30.592127197863675,56.52329969895403,89.27507198995029,Normal,Test
573,26.63311741320115,56.493093779747745,89.20512231383049,Normal,Test
574,28.564762119200783,56.37340450494723,89.13227517065168,Normal,Test
575,26.119632471614832,56.28799571934536,89.06309572194426,Normal,Test
576,24.71769919194872,56.36520086990053,88.99601917315634,Normal,Test
577,24.368868566911786,56.31767476122073,88.92946587030598,Normal,Test
578,20.643033745191453,56.32728003688674,88.86850131968819,Normal,Test
579,24.080402843148484,56.49057779902076,88.80238071542347,Normal,Test
580,21.652096498285136,56.450312858335074,88.73990257067604,Normal,Test
581,22.297003595660062,56.54829644746289,88.67645706528255,Normal,Test
582,21.19134416288165,56.51217511882016,88.61467004903822,Normal,Test
583,22.2352089786701,56.47061056208586,88.55131723557022,Normal,Test
584,19.818391147378,56.42150148814317,88.49158964884916,Normal,Test
585,22.60521896549684,56.26028221862873,88.4276818204009,Normal,Test
586,20.525851806047523,56.12506948958146,88.36689304269183,Normal,Test
587,22.507539436824125,55.91502690917365,88.30313173353659,Normal,Test
588,18.91294085055096,55.88328328202034,88.24476232226077,Normal,Test
589,23.131114254708923,55.82213402267644,88.1800656508787,Normal,Test
590,18.91494122183164,55.9411634878062,88.12169323904595,Normal,Test
591,17.21053854806016,55.64575512311118,88.06587743122387,Normal,Test
592,21.123643372980197,55.534899431988904,88.0041919661644,Normal,Test
593,18.393799765136237,55.53597377816886,87.9466012665167,Normal,Test
594,21.17181235562172,55.419523363227185,87.88484354798327,Normal,Test
595,18.426445601622998,55.43758356220797,87.82720387958084,Normal,Test
596,22.644713683021145,55.37317213947177,87.76323680905631,Normal,Test
597,25.44868416971749,55.22174136887528,87.69506378280174,Normal,Test
598,19.16864293820593,55.08675384669537,87.63631081839443,Normal,Test
599,22.6452458477704,55.057999136708055,87.57234294962278,Normal,Test
600,22.822285214055505,55.040850678061844,87.5081095218017,Normal,Test
601,21.420723557655258,55.12803626820872,87.44597843646521,Normal,Test
602,24.42826041243407,55.192752617738215,87.37933604584656,Normal,Test
603,25.99541923815302,55.19664089651618,87.31034291698933,Normal,Test
604,27.214406598832134,55.20387561202776,87.23952130709108,Normal,Test
605,28.17149508544667,55.30257559539196,87.16726406446291,Normal,Test
606,28.135245755830343,55.338739028914645,87.09506119582916,Normal,Test
607,28.46249253841609,55.44901451822839,87.02236745702153,Normal,Test
608,28.231107068404068,55.59412137818597,86.95002079641893,Normal,Test
609,30.48616386827601,55.42336895600039,86.8742915506165,Normal,Test
610,31.84436511659073,55.333025592336966,86.79652500294162,Normal,Test
611,34.32857385763202,55.25458110053909,86.71503214215517,Normal,Test
612,32.8498099389704,55.04758303782878,86.63575742724672,Normal,Test
613,33.96646219499813,54.79188739069706,86.55480773395422,Normal,Test
614,32.86436920094587,54.85178659895202,86.47551118015281,Normal,Test
615,38.79521965362989,54.89870847752241,86.38731835067236,Normal,Test
616,36.50954995545019,54.8901259328422,86.30255402573918,Normal,Test
617,39.68266693345665,54.78161829445868,86.213030025339,Normal,Test
618,43.967531323896196,54.89211440997205,86.11707872835315,Normal,Test
619,41.81212891099067,54.90957698742008,86.02436053498667,Normal,Test
620,43.984536202229826,54.727711069335776,85.92838373068332,Normal,Test
621,44.40541827729457,54.68402076422918,85.83177560326737,Normal,Test
622,44.24469368707908,54.68003107978845,85.73540856273675,Normal,Test
623,51.20546886416231,54.79261438262056,85.62860035944051,Normal,Test
624,47.84172220476637,54.88614823094238,85.52683777613336,Normal,Test
625,53.166399619749946,55.033149404979014,85.41708817670374,Normal,Test
626,51.87796875849605,55.01789602024328,85.309271223566,Normal,Test
627,54.55135929369204,55.1161027322324,85.19744418462547,Normal,Test
628,56.34445550046563,55.2443610957233,85.08292750137477,Normal,Test
629,58.0530442793705,55.261045785162146,84.96584793495572,Normal,Test
630,59.98707066966027,55.35771630983455,84.84586732895123,Normal,Test
631,62.89738482303403,55.375507509666875,84.72152125171668,Normal,Test
632,63.607377041869704,55.484422377621016,84.59611018615388,Normal,Test
633,60.212984162473155,55.51284154927376,84.47579070991017,Normal,Test
634,62.24507236517223,55.63906453099496,84.35242310136242,Normal,Test
635,65.28876922452743,55.67564896476296,84.22448994752563,Normal,Test
636,65.5369333453884,55.984552671473956,84.09618454750755,Normal,Test
637,70.36633838166773,56.138529012091304,83.96063503993504,Normal,Test
638,68.29381304702389,56.253006374379346,83.8281943203645,Normal,Test
639,70.73025041527264,56.261270968815445,83.69209894474159,Normal,Test
640,70.25066772479194,56.2032448145892,83.5567229431544,Normal,Test
641,72.80085206450687,56.38595441152689,83.41752166505763,Normal,Test
642,72.24581769203084,56.65866963213189,83.27915293851959,Normal,Test
643,71.94130846803168,56.625392045220494,83.14124097581754,Normal,Test
644,75.99136820181126,56.857570096007166,82.99725392351482,Normal,Test
645,80.02708115711711,56.952346173386154,82.84721330177915,Normal,Test
646,79.8986985097237,57.08833138652657,82.69736525401457,Normal,Test
647,78.4418120239171,57.31089039681284,82.5497025359787,Normal,Test
648,81.09938792926879,57.2958554772796,82.39805345408479,Normal,Test
649,83.71583212232385,57.58568660321336,82.2424797059013,Normal,Test
650,80.43842036376704,57.76445868141743,82.09182207535565,Normal,Test
651,83.56170290350485,57.93993418343642,81.9364795210004,Normal,Test
652,82.31301704141568,58.01710766955382,81.78300999543826,Normal,Test
653,84.15704828278282,58.28486180979129,81.62677442301408,Normal,Test
654,86.04315899007514,58.40381198580877,81.46770968452897,Normal,Test
655,87.19923521467781,58.2785397990539,81.30691083170696,Normal,Test
656,88.60420550571403,58.269568981249876,81.14400452344839,Normal,Test
657,86.18254453358534,58.314162621729814,80.98473070664801,Normal,Test
658,84.86777070065989,58.58202584743306,80.82742905059702,Normal,Test
659,87.01951399516388,58.77491643119947,80.66689977960428,Normal,Test
660,88.30613714948603,58.98459232822019,80.50444057388005,Normal,Test
661,88.94525115847877,59.019663115543125,80.34102269714232,Normal,Test
662,91.12171072105599,59.14113479228852,80.17434013106073,Normal,Test
663,86.298983587817,59.25180517958013,80.01489165567901,Normal,Test
664,92.64158517443029,59.512065681183664,79.84592927791736,Normal,Test
665,89.11526281690863,59.63899506788626,79.682256383692,Normal,Test
666,89.28610579479997,60.008615256252604,79.51832722499981,Normal,Test
667,90.75417606297543,60.21722457616711,79.35219596090535,Normal,Test
668,92.05582430380034,60.4104299788284,79.18411222444965,Normal,Test
669,89.42614039474313,60.550144765386186,79.01997301385754,Normal,Test
670,89.69408615307643,60.706151264209424,78.85543188462792,Normal,Test
671,91.12987951438208,60.87547582603366,78.68873706535635,Normal,Test
672,90.9217603409173,61.030128425911876,78.52235442484498,Normal,Test
673,89.34048730852169,60.986879549334844,78.35834369388219,Normal,Test
674,90.68792316364393,61.182988609800056,78.19231180913673,Normal,Test
675,90.4691777138769,61.053273239540054,78.02660804256591,Normal,Test
676,92.21424667220647,61.2058510471191,77.8582866725576,Normal,Test
677,89.76534971661076,61.259215774226206,77.69363864798268,Normal,Test
678,88.23394728263145,61.30565617030115,77.53128772705874,Normal,Test
679,85.16907032942372,61.63792842715961,77.3735341215646,Normal,Test
680,85.39319235624866,61.79999617401581,77.21544433303023,Normal,Test
681,86.82340879954917,61.99424630891543,77.05520921983091,Normal,Test
682,84.6447005089367,62.16702187570767,76.89824216906752,Normal,Test
683,88.36433930897638,62.3098670960829,76.73569566010406,Normal,Test
684,83.12766575070195,62.544639897426784,76.581004161478,Normal,Test
685,84.06012420815952,62.795374803121675,76.42491397516577,Normal,Test
686,82.2071846830224,62.80561795902672,76.27160319814124,Normal,Test
687,83.23575717288396,62.81908609799384,76.11674956238191,Normal,Test
688,79.57339000391764,62.85888903361364,75.96738947737603,Normal,Test
689,77.80072346781992,63.00063225064691,75.8206883921743,Normal,Test
690,77.49591417047424,63.15005749666451,75.6744445209186,Normal,Test
691,78.96986139844287,63.3072052117238,75.52598972882093,Normal,Test
692,74.11018123313727,63.49777074202172,75.38482445697123,Normal,Test
693,75.80213771454407,63.47432635954084,75.24112125039942,Normal,Test
694,73.41322592466427,63.63549261907009,75.10100141151241,Normal,Test
695,70.39098201832677,63.852889766989115,74.96541493848493,Normal,Test
696,69.42810672681186,63.94103422681216,74.8312727783947,Normal,Test
697,68.10062112135019,64.01318016858778,74.69912184671269,Normal,Test
698,64.9512495100267,63.928451732939095,74.57169497244765,Normal,Test
699,69.01041723521135,63.917578251498746,74.43817934659482,Normal,Test
700,62.498917891862796,63.7533151397539,74.31443096975703,Normal,Test
701,61.848905875920515,63.67046407041986,74.19165761094314,Normal,Test
702,65.04298527873343,63.83241437154801,74.06409313302504,Normal,Test
703,59.00396696916624,64.09684217898834,73.94558718257129,Normal,Test
704,60.95650405403999,64.10931943611067,73.82415242649023,Normal,Test
705,52.6004791657055,64.35407809270527,73.71525170774167,Normal,Test
706,53.422304866854326,64.20709997267275,73.6051182504414,Normal,Test
707,56.846827805944564,64.48121071073679,73.48984800873248,Normal,Test
708,56.17078697907859,64.56427453432585,73.37559182826386,Normal,Test
709,53.19486049853611,64.66554100381146,73.26579953751606,Normal,Test
710,52.13111026619851,64.70545686812484,73.15760287211677,Normal,Test
711,49.43657442522002,64.70140373835066,73.05344801047895,Normal,Test
712,46.34439586346903,64.66473600123273,72.95393141668374,Normal,Test
713,43.1019989918758,64.63510009101988,72.85927841819593,Normal,Test
714,43.15993550902137,64.5052605332158,72.7645385149324,Normal,Test
715,44.16188963636002,64.62900633344466,72.66829568047785,Normal,Test
716,44.32163240589554,64.4565659611692,72.57181323186902,Normal,Test
717,39.208662112153405,64.51804713351589,72.48300023870078,Normal,Test
718,37.9479591737839,64.45832948709037,72.3960782999401,Normal,Test
719,39.762189821736136,64.33082938803172,72.3064350152075,Normal,Test
720,37.64812547657183,64.15987196015577,72.21996282699264,Normal,Test
721,35.03802447133387,64.14584375137906,72.13740579028564,Normal,Test
722,31.88816836975676,64.13291643946373,72.05957353773101,Normal,Test
723,33.900153416591465,64.13828430610566,71.97872330760613,Normal,Test
724,33.28622288109368,64.22264699196245,71.89879397328448,Normal,Test
725,32.02326305784195,64.12289727058452,71.82075907869772,Normal,Test
726,30.98898704083967,64.11719693904875,71.74427559813645,Normal,Test
727,29.852493956146102,64.05727104925946,71.66949685720223,Normal,Test
728,27.401559197134876,63.9186573304973,71.59839451840654,Normal,Test
729,25.093006330433482,64.01376589765052,71.53075500891089,Normal,Test
730,24.54652177613095,63.86233314049678,71.46393522624669,Normal,Test
731,24.778204325751844,63.87109996076937,71.39676791975806,Normal,Test
732,24.851939939643334,63.91537155798242,71.3294900098486,Normal,Test
733,23.36896523879826,63.857400866308666,71.26443656199041,Normal,Test
734,22.367807597191895,63.98277350221094,71.20088485059462,Normal,Test
735,21.035391874584484,63.91944835078584,71.13933176278275,Normal,Test
736,24.100765802784526,63.877503147437594,71.07318061407857,Normal,Test
737,21.93672005029419,63.77378958505053,71.01027553400313,Normal,Test
738,21.92130299247653,63.66871878702115,70.94739357951441,Normal,Test
739,23.34088199939496,63.804789299030084,70.88238225651531,Normal,Test
740,19.931315750232848,63.570349449001874,70.82248528288997,Normal,Test
741,20.557229456007175,63.73398928806732,70.76164943870596,Normal,Test
742,18.86875726981288,63.7970056619038,70.70334630280124,Normal,Test
743,23.62905175199416,63.657160496217365,70.63790272517325,Normal,Test
744,21.264714752209745,63.727798018178085,70.57600565304493,Normal,Test
745,19.277381344881793,63.607999624802225,70.5170895810276,Normal,Test
746,18.83709875438775,63.406021798874086,70.45883393289603,Normal,Test
747,18.722721044479435,63.18353320865804,70.40074985132931,Normal,Test
748,20.166217119911146,63.012383512637236,70.34050052564945,Normal,Test
749,20.698231730109804,62.76518822502171,70.27945317805428,Normal,Test
750,0.0,62.80098068356809,70.52945317805428,Normal,Test
751,0.0,62.88693063767828,70.77945317805428,Normal,Test
752,0.0,62.689896281508105,71.02945317805428,Normal,Test
753,0.0,62.73023224964834,71.27945317805428,Normal,Test
754,0.0,62.855808452146725,71.52945317805428,Normal,Test
755,0.0,62.73727692492116,71.77945317805428,Normal,Test
756,0.0,62.90732233283017,72.02945317805428,Normal,Test
757,0.0,62.95150226676828,72.27945317805428,Normal,Test
758,0.0,62.883146574392136,72.52945317805428,Normal,Test
759,0.0,62.87992022690319,72.77945317805428,Normal,Test
760,0.0,62.93811315747465,73.02945317805428,Normal,Test
761,0.0,62.94789935714347,73.27945317805428,Normal,Test
762,0.0,63.003931258316676,73.52945317805428,Normal,Test
763,0.0,62.91385210523379,73.77945317805428,Normal,Test
764,0.0,62.933046631321695,74.02945317805428,Normal,Test
765,0.0,62.79387604173723,74.27945317805428,Normal,Test
766,0.0,62.78537180747715,74.52945317805428,Normal,Test
767,0.0,62.69762492790824,74.77945317805428,Normal,Test
768,0.0,62.62697905886554,75.02945317805428,Normal,Test
769,0.0,62.75370743920998,75.27945317805428,Normal,Test
770,0.0,62.86557732895178,75.52945317805428,Normal,Test
771,0.0,62.928894409055644,75.77945317805428,Normal,Test
772,0.0,62.82187644936122,76.02945317805428,Normal,Test
773,0.0,62.792769975043655,76.27945317805428,Normal,Test
774,0.0,62.916701435116444,76.52945317805428,Normal,Test
775,0.0,62.93312302217509,76.77945317805428,Normal,Test
776,0.0,63.16725660710673,77.02945317805428,Normal,Test
777,0.0,63.208086621224844,77.27945317805428,Normal,Test
778,0.0,63.228667273010174,77.52945317805428,Normal,Test
779,0.0,63.19906962477089,77.77945317805428,Normal,Test
780,0.0,63.21382650637481,78.02945317805428,Normal,Test
781,0.0,63.19993804321763,78.27945317805428,Normal,Test
782,0.0,63.272149096756834,78.52945317805428,Normal,Test
783,0.0,63.369002881146024,78.77945317805428,Normal,Test
784,0.0,63.29129692645179,79.02945317805428,Normal,Test
785,0.0,63.15929974031666,79.27945317805428,Normal,Test
786,0.0,62.977201303785385,79.52945317805428,Normal,Test
787,0.0,63.030068832565284,79.77945317805428,Normal,Test
788,0.0,62.8366419654502,80.02945317805428,Normal,Test
789,0.0,62.5388429802586,80.12945317805428,Normal,Test
790,0.0,62.49608431177092,80.22945317805427,Normal,Test
791,0.0,62.66389601057889,80.32945317805427,Normal,Test
792,0.0,62.581297231393165,80.42945317805426,Normal,Test
793,0.0,62.58340241714415,80.52945317805425,Normal,Test
794,0.0,62.50983514574747,80.62945317805425,Normal,Test
795,0.0,62.418416674991114,80.72945317805424,Normal,Test
796,0.0,62.42906907326492,80.82945317805424,Normal,Test
797,0.0,62.31875441162626,80.92945317805423,Normal,Test
798,0.0,62.26453737979857,81.02945317805423,Normal,Test
799,0.0,62.21591354827878,81.12945317805422,Normal,Test
800,0.0,55.949922961760024,81.22945317805421,Anomalous,Test
801,0.0,55.89816312491152,81.32945317805421,Anomalous,Test
802,0.0,55.56100870662172,81.4294531780542,Anomalous,Test
803,0.0,55.58655982298007,81.5294531780542,Anomalous,Test
804,0.0,55.88676055404924,81.62945317805419,Anomalous,Test
805,0.0,56.18368275340809,81.72945317805419,Anomalous,Test
806,0.0,56.45679231311662,81.82945317805418,Anomalous,Test
807,0.0,55.598410524659826,81.92945317805417,Anomalous,Test
808,0.0,56.74634428447976,82.02945317805417,Anomalous,Test
809,0.0,55.86443819947871,82.12945317805416,Anomalous,Test
810,0.0,55.98931635282578,82.22945317805416,Anomalous,Test
811,0.0,55.62639416042609,82.32945317805415,Anomalous,Test
812,0.0,54.78787986986353,82.42945317805415,Anomalous,Test
813,0.0,56.44202269818052,82.52945317805414,Anomalous,Test
814,0.0,56.368421948546214,82.62945317805413,Anomalous,Test
815,0.0,55.85933622144089,82.72945317805413,Anomalous,Test
816,0.0,56.033495358612434,82.82945317805412,Anomalous,Test
817,0.0,56.25796960885205,82.92945317805412,Anomalous,Test
818,0.0,55.21872707155673,83.02945317805411,Anomalous,Test
819,0.0,55.73547366132685,83.1294531780541,Anomalous,Test
820,0.0,56.397132339810916,83.2294531780541,Anomalous,Test
821,0.0,55.37285528841537,83.3294531780541,Anomalous,Test
822,0.0,56.14677896608332,83.42945317805409,Anomalous,Test
823,0.0,55.3217090976883,83.52945317805408,Anomalous,Test
824,0.0,56.23321499121676,83.62945317805408,Anomalous,Test
825,0.0,55.98217925885126,83.72945317805407,Anomalous,Test
826,0.0,55.19243409204724,83.82945317805407,Anomalous,Test
827,0.0,56.582369677228584,83.92945317805406,Anomalous,Test
828,0.0,55.632704211600974,84.02945317805406,Anomalous,Test
829,0.0,55.59487378149281,84.12945317805405,Anomalous,Test
830,0.0,59.70540831615062,84.22945317805404,Normal,Test
831,0.0,59.7541682763719,84.32945317805404,Normal,Test
832,0.0,59.65956148444976,84.42945317805403,Normal,Test
833,0.0,59.73565541368141,84.52945317805403,Normal,Test
834,0.0,59.677315193160574,84.62945317805402,Normal,Test
835,0.0,59.57057465046929,84.72945317805402,Normal,Test
836,0.0,59.43652266016379,84.82945317805401,Normal,Test
837,0.0,59.33396612353449,84.929453178054,Normal,Test
838,0.0,59.22314654330976,85.029453178054,Normal,Test
839,0.0,59.16851872591738,85.12945317805399,Normal,Test
840,0.0,59.113070567844616,85.22945317805399,Normal,Test
841,0.0,59.042035958156426,85.32945317805398,Normal,Test
842,0.0,59.014603667256594,85.42945317805398,Normal,Test
843,0.0,59.06262448373346,85.52945317805397,Normal,Test
844,0.0,59.08639202382639,85.62945317805396,Normal,Test
845,0.0,58.86664305090992,85.72945317805396,Normal,Test
846,0.0,58.540651008267,85.82945317805395,Normal,Test
847,0.0,58.56446104636613,85.92945317805395,Normal,Test
848,0.0,58.358079793385485,86.02945317805394,Normal,Test
849,0.0,58.26652901381606,86.12945317805394,Normal,Test
850,265.0,58.080718124168676,86.22945317805393,Anomalous,Test
851,265.0,57.83227792603817,86.32945317805392,Anomalous,Test
852,265.0,57.81892736508053,86.42945317805392,Anomalous,Test
853,265.0,57.827386099015555,86.52945317805391,Anomalous,Test
854,265.0,57.70225290064584,86.62945317805391,Anomalous,Test
855,265.0,57.37604191272941,86.7294531780539,Anomalous,Test
856,265.0,57.25528934216597,86.8294531780539,Anomalous,Test
857,265.0,57.22870387467973,86.92945317805389,Anomalous,Test
858,265.0,57.01512660617828,87.02945317805388,Anomalous,Test
859,265.0,56.968417218337656,87.12945317805388,Anomalous,Test
860,0.0,56.90198098176534,87.22945317805387,Normal,Test
861,0.0,56.895204188780156,87.32945317805387,Normal,Test
862,0.0,56.84247661305523,87.42945317805386,Normal,Test
863,0.0,56.68064228912791,87.52945317805386,Normal,Test
864,0.0,56.736257512426974,87.62945317805385,Normal,Test
865,0.0,56.656195782587,87.72945317805384,Normal,Test
866,0.0,56.589496741288244,87.82945317805384,Normal,Test
867,0.0,56.43240145515706,87.92945317805383,Normal,Test
868,0.0,56.32477602567244,88.02945317805383,Normal,Test
869,0.0,56.173321426192736,88.12945317805382,Normal,Test
870,0.0,56.09350685592182,88.22945317805382,Normal,Test
871,0.0,56.202397183368284,88.32945317805381,Normal,Test
872,0.0,56.00259987752504,88.4294531780538,Normal,Test
873,0.0,55.77923593810479,88.5294531780538,Normal,Test
874,0.0,55.86501526303984,88.6294531780538,Normal,Test
875,0.0,55.78248784953553,88.72945317805379,Normal,Test
876,0.0,55.65423311212093,88.82945317805378,Normal,Test
877,0.0,55.69726088152417,88.92945317805378,Normal,Test
878,0.0,55.575607544905914,89.02945317805377,Normal,Test
879,0.0,55.69748169362589,89.12945317805377,Normal,Test
880,0.0,55.70418183567894,89.22945317805376,Normal,Test
881,0.0,55.59427814935733,89.32945317805375,Normal,Test
882,0.0,55.749226136235805,89.42945317805375,Normal,Test
883,0.0,55.62740696552677,89.52945317805374,Normal,Test
884,0.0,55.640734281831115,89.62945317805374,Normal,Test
885,0.0,55.60974133702627,89.72945317805373,Normal,Test
886,0.0,55.67908624195507,89.82945317805373,Normal,Test
887,0.0,55.77420010290189,89.92945317805372,Normal,Test
888,0.0,55.71607791749976,90.02945317805371,Normal,Test
889,0.0,55.579587896712646,90.12945317805371,Normal,Test
890,0.0,55.56484634731642,90.2294531780537,Normal,Test
891,0.0,55.43638027129926,90.3294531780537,Normal,Test
892,0.0,55.577409855238024,90.42945317805369,Normal,Test
893,0.0,55.530331158780584,90.52945317805369,Normal,Test
894,0.0,55.43320801017303,90.62945317805368,Normal,Test
895,0.0,55.391376416729,90.72945317805367,Normal,Test
896,0.0,55.19648965852585,90.82945317805367,Normal,Test
897,0.0,55.03973878569921,90.92945317805366,Normal,Test
898,0.0,55.10066096013655,91.02945317805366,Normal,Test
899,0.0,54.975669549359004,91.12945317805365,Normal,Test
900,0.0,54.81205144244274,91.22945317805365,Normal,Test
901,0.0,54.80728056336814,91.32945317805364,Normal,Test
902,0.0,54.867429137144335,91.42945317805363,Normal,Test
903,0.0,54.88072218079941,91.52945317805363,Normal,Test
904,0.0,54.921684782837595,91.62945317805362,Normal,Test
905,0.0,54.78724021963214,91.72945317805362,Normal,Test
906,0.0,54.58669743229906,91.82945317805361,Normal,Test
907,0.0,54.67907070519772,91.9294531780536,Normal,Test
908,0.0,54.58876550919791,92.0294531780536,Normal,Test
909,0.0,54.505915911024815,92.1294531780536,Normal,Test
910,0.0,54.58121757747664,92.22945317805359,Normal,Test
911,0.0,54.579096925684276,92.32945317805358,Normal,Test
912,0.0,54.56694841211539,92.42945317805358,Normal,Test
913,0.0,54.72574780136915,92.52945317805357,Normal,Test
914,0.0,54.60321873492703,92.62945317805357,Normal,Test
915,0.0,54.638193091530376,92.72945317805356,Normal,Test
916,0.0,54.58597982474549,92.82945317805356,Normal,Test
917,0.0,54.555081113157584,92.92945317805355,Normal,Test
918,0.0,54.650262712459366,93.02945317805354,Normal,Test
919,0.0,54.64309549995095,93.12945317805354,Normal,Test
920,0.0,54.63899582135606,93.22945317805353,Normal,Test
921,0.0,54.68832956762297,93.32945317805353,Normal,Test
922,0.0,54.593769305965814,93.42945317805352,Normal,Test
923,0.0,54.452067031314016,93.52945317805352,Normal,Test
924,0.0,54.29022991081797,93.62945317805351,Normal,Test
925,0.0,54.03672356214792,93.7294531780535,Normal,Test
926,0.0,54.18623410445551,93.8294531780535,Normal,Test
927,0.0,54.01935456556998,93.92945317805349,Normal,Test
928,0.0,53.94117113951469,94.02945317805349,Normal,Test
929,0.0,53.85766629610725,94.12945317805348,Normal,Test
930,0.0,53.832833966999836,94.22945317805348,Normal,Test
931,0.0,53.85890918635277,94.32945317805347,Normal,Test
932,0.0,53.88937980762969,94.42945317805346,Normal,Test
933,0.0,53.7754039243499,94.52945317805346,Normal,Test
934,0.0,53.70336554119821,94.62945317805345,Normal,Test
935,0.0,53.67651343962344,94.72945317805345,Normal,Test
936,0.0,53.59661478668622,94.82945317805344,Normal,Test
937,0.0,53.70255949992816,94.92945317805344,Normal,Test
938,0.0,53.6965493165922,95.02945317805343,Normal,Test
939,0.0,53.714947447247404,95.12945317805342,Normal,Test
940,0.0,53.7260907317724,95.22945317805342,Normal,Test
941,0.0,53.78825984532562,95.32945317805341,Normal,Test
942,0.0,53.750997221660015,95.42945317805341,Normal,Test
943,0.0,53.56606103519945,95.5294531780534,Normal,Test
944,0.0,53.551331647269116,95.6294531780534,Normal,Test
945,0.0,53.431541962948124,95.72945317805339,Normal,Test
946,0.0,53.324385668884304,95.82945317805338,Normal,Test
947,0.0,53.32904891375316,95.92945317805338,Normal,Test
948,0.0,53.39889007415527,96.02945317805337,Normal,Test
949,0.0,53.34682056160641,96.12945317805337,Normal,Test
950,0.0,53.323663401181484,96.22945317805336,Normal,Test
951,0.0,53.439913905441465,96.32945317805336,Normal,Test
952,0.0,53.409669481673994,96.42945317805335,Normal,Test
953,0.0,53.61560878464701,96.52945317805334,Normal,Test
954,0.0,53.61731292285622,96.62945317805334,Normal,Test
955,0.0,53.38638470817207,96.72945317805333,Normal,Test
956,0.0,53.40755971615801,96.82945317805333,Normal,Test
957,0.0,53.39145287549782,96.92945317805332,Normal,Test
958,0.0,53.4662537922796,97.02945317805332,Normal,Test
959,0.0,53.47917316602976,97.12945317805331,Normal,Test
960,0.0,53.4108900481333,97.2294531780533,Normal,Test
961,0.0,53.23422755435996,97.3294531780533,Normal,Test
962,0.0,53.159622545968276,97.4294531780533,Normal,Test
963,0.0,53.02109163290944,97.52945317805329,Normal,Test
964,0.0,52.90997601303024,97.62945317805328,Normal,Test
965,0.0,52.916103925433205,97.72945317805328,Normal,Test
966,0.0,53.03034606409204,97.82945317805327,Normal,Test
967,0.0,53.01672217888206,97.92945317805327,Normal,Test
968,0.0,52.844083706141895,98.02945317805326,Normal,Test
969,0.0,52.83601172184548,98.12945317805325,Normal,Test
970,0.0,52.90316683534451,98.22945317805325,Normal,Test
971,0.0,52.789479044406534,98.32945317805324,Normal,Test
972,0.0,52.72370889060602,98.42945317805324,Normal,Test
973,0.0,52.67300658340712,98.52945317805323,Normal,Test
974,0.0,52.54249773234868,98.62945317805323,Normal,Test
975,0.0,52.55569828253602,98.72945317805322,Normal,Test
976,0.0,52.49193637282764,98.82945317805321,Normal,Test
977,0.0,52.48241380809986,98.92945317805321,Normal,Test
978,0.0,52.342217348895346,99.0294531780532,Normal,Test
979,0.0,52.247444866816316,99.1294531780532,Normal,Test
980,0.0,52.26894066799864,99.22945317805319,Normal,Test
981,0.0,52.18085053078547,99.32945317805319,Normal,Test
982,0.0,52.30300436431646,99.42945317805318,Normal,Test
983,0.0,52.21213173266205,99.52945317805317,Normal,Test
984,0.0,52.18396381003925,99.62945317805317,Normal,Test
985,0.0,52.22667100179644,99.72945317805316,Normal,Test
986,0.0,52.034154415497746,99.82945317805316,Normal,Test
987,0.0,51.807971071053174,99.92945317805315,Normal,Test
988,0.0,51.605981526383005,100.0,Normal,Test
989,0.0,51.68342199214657,100.0,Normal,Test
990,0.0,51.579185911580886,100.0,Normal,Test
991,0.0,51.78626828241297,100.0,Normal,Test
992,0.0,51.68048471769999,100.0,Normal,Test
993,0.0,51.64989839386659,100.0,Normal,Test
994,0.0,51.75515969394178,100.0,Normal,Test
995,0.0,51.906503503675864,100.0,Normal,Test
996,0.0,52.06293435082848,100.0,Normal,Test
997,0.0,52.133582170835304,100.0,Normal,Test
998,0.0,52.18558767690394,100.0,Normal,Test
999,0.0,52.19428360879335,100.0,Normal,Test
